
{
"spider":"https://github.com/franksun1211/TVBOX/blob/main/0706.jar?raw=true",

"lives":[{"group":"redirect","channels":[{"name":"live","urls":["proxy://do=live&type=txt&ext=aHR0cHM6Ly9tYW95aW5nc2hpLmNjL3R2Ym94L3poaWJvLzEudHh0"]}]}],


"sites":[

{"key":"csp_Cokemv","name":"🐞Cokemv","type":3,"api":"csp_Cokemv","searchable":1,"quickSearch":1,"filterable":1},
  {"key":"在线之家","name":"🐞在线之家","type":3,"api":"csp_Zxzj","searchable":1,"quickSearch":1,"filterable":1},
{"key":"csp_CZSPP","name":"🐞厂长资源","type":3,"api":"csp_CZSPP","searchable":1,"quickSearch":1,"filterable":0},

{"key":"csp_77","name":"🐞酷云七七","type":3,"api":"csp_Kunyu77","searchable":1,"quickSearch":1,"filterable":1},
{"key":"360_spider","name":"🐞360影视","api":"csp_SP360","type":3,"filterable":1,"quickSearch":1,"searchable":1,"ext":""},
{"key": "csp_Kmys","name": "🐞酷猫影视","type": 3,"api": "csp_Kmys","searchable": 1,"quickSearch": 1,"filterable": 1},
{"key":"小苹果","name":"🐞小苹果","type":3,"api":"csp_LiteApple","searchable":1,"quickSearch":1,"filterable":1},

{"key":"csp_Buka" ,"name":"🐞真不卡","type":3,"api":"csp_Buka","searchable":1,"quickSearch":1,"filterable":1},
{"key":"csp_DiDuan","name":"🐞低端影视","type":3,"api":"csp_DiDuan","searchable":1,"quickSearch":1,"filterable":0},
{"key":"csp_DY1990","name":"🐞九零影视","type":3,"api":"csp_DY1990","searchable":1,"quickSearch":1,"filterable":0},
{"key":"csp_Auete","name":"🐞Auete","type": 3,"api":"csp_Auete","searchable":1,"quickSearch":1,"filterable":1},
{"key":"csp_IKan","name":"🐞爱看","type": 3,"api": "csp_IKan","searchable": 1,"quickSearch": 1,"filterable": 1},
{"key":"csp_Juhuang","name":"🐞剧荒","type": 3,"api": "csp_Juhuang","searchable": 1,"quickSearch": 1,"filterable": 1},
{"key":"快看","name":"🐞快看","type":3,"api":"csp_Kuaikan","searchable":1,"quickSearch":1,"filterable":1},
{"key":"csp_Mjxq","name":"🐞美剧星球","type": 3,"api": "csp_Mjxq","searchable": 1,"quickSearch": 1,"filterable": 1},
{"key":"csp_N0ys","name":"🐞1090影视","type": 3,"api": "csp_N0ys","searchable": 1,"quickSearch": 1,"filterable": 1},

{"key":"csp_Tkys","name":"🐞天空影视","type": 3,"api": "csp_Tkys","searchable": 1,"quickSearch": 1,"filterable": 1},
{"key":"csp_Nbys","name":"🐞泥巴(需爬墙)","type": 3,"api": "csp_Nbys","searchable": 1,"quickSearch": 1,"filterable": 1},
{"key":"csp_Bttoo","name":"🐞两个BT","type": 3,"api": "csp_Bttoo","searchable": 1,"quickSearch": 1,"filterable": 1},

{"key": "csp_BBB","name":"🐞哔哩哔哩","type": 3,"api": "csp_BBB","searchable": 1,"quickSearch": 1,"filterable": 1},
{"key": "csp_Bliyc","name":"🐞演唱会","type": 3,"api": "csp_Bliyc","searchable": 1,"quickSearch": 1,"filterable": 1},
{"key": "csp_Blixs","name":"🐞相声小品","type": 3,"api": "csp_Blixs","searchable": 1,"quickSearch": 1,"filterable": 1},
{"key": "csp_Blidw","name":"🐞动物世界","type": 3,"api": "csp_Blidw","searchable": 1,"quickSearch": 1,"filterable": 1},
{"key": "csp_Blixq","name":"🐞戏曲","type": 3,"api": "csp_Blixq","searchable": 1,"quickSearch": 1,"filterable": 1},
{"key":"Gitcafe","name":"🐞小纸条","type":3,"api":"csp_GitCafe","searchable":1,"quickSearch":1,"filterable":1,"ext":""},



//{"key":"csp_Dy555","name":"🐞555电影","type": 3,"api": "csp_Dy555","searchable": 1,"quickSearch": 1,"filterable": 1},
//{"key":"csp_Fantuan","name":"🐞饭团","type": 3,"api": "csp_Fantuan","searchable": 1,"quickSearch": 1,"filterable": 1},
//{"key":"csp_Hdmoli1","name":"🐞Hdmoli","type": 3,"api": "csp_Hdmoli1","searchable": 1,"quickSearch": 1,"filterable": 1},

//{"key":"csp_Juzi","name":"🐞橘子","type": 3,"api": "csp_Juzi","searchable": 1,"quickSearch": 1,"filterable": 1},
//{"key":"csp_Newfii","name":"🐞奈落影院","type": 3,"api": "csp_Newfii","searchable": 1,"quickSearch": 1,"filterable": 1},
//{"key":"csp_Qicui","name":"🐞奇粹视频","type": 3,"api": "csp_Qicui","searchable": 1,"quickSearch": 1,"filterable": 1},
//{"key":"csp_Subaibai","name":"🐞素白白","type": 3,"api": "csp_Subaibai","searchable": 1,"quickSearch": 1,"filterable": 1},
//{"key":"csp_lgyy","name":"🐞藍光影院","type": 3,"api": "csp_lgyy","searchable": 1,"quickSearch": 1,"filterable": 1},
//{"key":"csp_Languang","name":"🐞蓝光","type": 3,"api": "csp_Languang","searchable": 1,"quickSearch": 1,"filterable": 1},
{"key":"AliPS","name":"盘搜","type":3,"api":"csp_AliPanSou","searchable":1,"quickSearch":1,"filterable":1}

],

"parses":[
{"name":"解析聚合","type":3,"url":"Demo"},
{"name":"Json并发","type":2,"url":"Parallel"},
{"name":"Json轮询","type":2,"url":"Sequence"},
{"name":"线路m9","type":1,"url":"https://api.m3u8.tv:5678/home/api?type=ys&uid=1931000&key=gktuvyzABEORSYZ135&url="},
{"name":"线路NX","type":1,"url":"https://vip.nxflv.com/home/api?uid=701203&key=bltuyCEFKLTX013679&url="},
{"name":"293","type":1,"url":"http://81.71.48.249:4456/jsonc/longxia.php?url=","ext":{"flag":["qq","qiyi","mgtv","youku","letv","sohu","xigua","1905"],"header":{"User-Agent":"Dart/2.14 (dart:io)"}}},
{"name":"Pro","type":1,"url":"http://api.vip123kan.vip/?url=","ext":{"flag":["youku","优酷","mgtv","芒果","qq","腾讯","qiyi","爱奇艺","qq","奇艺"]}},
{"name":"leduo","type":1,"url":"https://api.ldjx.cc/wp-api/getvodurl.php?token=1001&vid=","ext":{"flag":["leduo"]}},
{"name":"renrenmi2","type":1,"url":"https://a.dxzj88.com/jxrrm/jiami.php?url=","ext":{"flag":["renrenmi"]}},
{"name":"renrenmi3","type":1,"url":"https://sz.dxzj88.com/jxrjrm/jiaomi.php?url=","ext":{"flag":["renrenmi"]}},
{"name":"Pro2","type":1,"url":"https://vip.rongxingvr.top/api/?type=ys&key=JJEZkZIhzkA4cUtBfR&url=","ext":{"flag":["ltnb","rx","qiyi","爱奇艺","qq","奇艺","sohu","letv","youku","优酷","mgtv","芒果"]}},
{"name":"2","type":1,"url":"https://jx.mczdyw.com/xg.php?url=","ext":{"flag":["mgtv","芒果"]}},
{"name":"3","type":1,"url":"https://www.aiaine.com/api/?key=kVqmG5dAQ5dZTcECw8&url=","ext":{"flag":["youku","优酷","mgtv","芒果","qq","腾讯","qiyi","爱奇艺","qq","奇艺"]}},
{"name":"4","type":1,"url":"https://svip.rongxingvr.top/api/?key=niBgMGXVdCQhsmeEBK&url=","ext":{"flag":["youku","优酷","mgtv","芒果","qq","腾讯","qiyi","爱奇艺","qq","奇艺"]}},
{"name":"8","type":1,"url":"https://app.iminna.com/jx/?url=","ext":{"flag":["youku","优酷","mgtv","芒果","qq","腾讯","qiyi","爱奇艺","qq","奇艺"]}},
{"name":"飓风影院2","type":1,"url":"https://vvip.funsline.cn/api/?key=3xWfEoDf4V9p9Y20CR&url=","ext":{"flag":["ziqie","youku","优酷","qiyi","爱奇艺","奇艺","mgtv","芒果","qq","腾讯"]}},
{"name":"我爱电影网","type":1,"url":"https://jhpc.manduhu.com/j1217.php?url=","ext":{"flag":["qiyi","爱奇艺","奇艺","mgtv","芒果","youku","优酷","pptv","PPTV"]}},
{"name":"江湖解析","type":1,"url":"http://103.40.240.46/jh/?url=","ext":{"flag":["renrenmi","qq","腾讯","youku","优酷","mgtv","芒果","xigua","西瓜"]}},
{"name":"王牌","type":1,"url":"https://za.kuanjv.com/?url=","ext":{"flag":["qq","腾讯","qiyi","爱奇艺","奇艺","youku","优酷","mgtv","芒果","搜狐","sohu","letv","乐视","bilibili","哔哩哔哩","哔哩","xigua","西瓜"]}},
{"name":"盘古解析","type":1,"url":"https://json.pangujiexi.com:12345/json.php?url=","ext":{"flag":["qq","腾讯","qiyi","爱奇艺","奇艺","youku","优酷","mgtv","芒果"]}},
{"name":"欢雨","type":1,"url":"http://www.youhuifuligou.com/json/?id=7&url=","ext":{"flag":["qq","腾讯","qiyi","爱奇艺","奇艺","youku","优酷","letv","乐视","xigua","西瓜"]}},
{"name":"hfyrw","type":1,"url":"https://json.hfyrw.com/mao.go?url=","ext":{"flag":["ltnb","renrenmi"]}},
{"name":"aiaine02","type":1,"url":"https://vip.aiaine.com/api/?key=8FN8gNAySnvJiMllxZ&url=","ext":{"flag":["ltnb","renrenmi","xfyun","miaoparty","miaoparty2","miaoparty3","longteng","xueren"]}},
{"name":"五一解析","type":1,"url":"https://json.5lp.net/json.php?url=","ext":{"flag":["ltnb","renrenmi","rx","rongxing"]}},
{"name":"RongXingVR","type":1,"url":"https://vip.rongxingvr.top/api/?key=JJEZkZIhzkA4cUtBfR&url=","ext":{"flag":["renrenmi","rx","rongxing","mgtv","芒果","bilibili","哔哩哔哩","哔哩"]}},
{"name":"jx36","type":1,"url":"https://api.m3u8.tv:5678/home/api?type=ys&uid=9105801&key=huwxFGILMOQSTUZ679&url=","ext":{"flag":["qq","腾讯","qiyi","爱奇艺","奇艺","youku","优酷","mgtv","芒果"]}},
{"name":"J13","type":1,"url":"https://languangyingshiziyuan.1080zy.top/longtengzy.php/?url=","ext":{"flag":["ltnb"]}},
{"name":"Wuduzy","type":1,"url":"https://aa.xkys.tv/json.php?url=","ext":{"flag":["wuduzy"]}},
{"name":"LTRX","type":1,"url":"https://svip.spchat.top/api/?type=ys&key=bKemW41JnxmQb4l67h&url=","ext":{"flag":["rx"]}},
{"name":"喵派对资源3","type":1,"url":"https://vip.aiaine.com/api/?key=fOWaGgFU45zlIjvbHI&url=","ext":{"flag":["ltnb","renrenmi"]}},
{"name":"喵派对资源2","type":1,"url":"https://svip.iremind.me/api/?key=A5Db8HF8c8FSIOR6R1&url=","ext":{"flag":["renrenmi","qq","腾讯","qiyi","爱奇艺","奇艺","youku","优酷","mgtv","芒果","bilibili","哔哩哔哩","哔哩","sohu"]}},
{"name":"leduotv","type":1,"url":"https://api.leduotv.com/wp-api/getvodurl.php?vid=","ext":{"flag":["leduo"]}},
{"name":"web1","type":0,"url":"https://www.nxflv.com/?url=","ext":{"flag":["youku","优酷","mgtv","芒果","qq","腾讯","qiyi","爱奇艺","qq","奇艺","sohu","letv"]}},
{"name":"OJBK","type":0,"url":"https://jmwl.qd234.cn/v/?v=","ext":{"flag":["ltnb","renrenmi","rx","xfyun","muxm3u8","xigua","xueren","qq","腾讯","qiyi","爱奇艺","奇艺","youku","优酷","mgtv","芒果","bilibili","哔哩哔哩","哔哩","pptv","PPTV","sohu","letv"]}},
{"name":"M117","type":0,"url":"http://1.117.152.239:39000/?url="},
{"name":"zui","type":0,"url":"https://jx.zui.cm/?url=","ext":{"flag":["ltnb"]}},
{"name":"parwix1","type":0,"url":"https://jx.parwix.com:4433/player/?url=","ext":{"flag":["qq","腾讯","qiyi","爱奇艺","奇艺","youku","优酷","mgtv","芒果","letv","乐视","pptv","PPTV","sohu","bilibili","哔哩哔哩","哔哩"]}},
{"name":"parwix2","type":0,"url":"https://jx.parwix.com:4433/player/analysis.php?v=","ext":{"flag":["qq","腾讯","qiyi","爱奇艺","奇艺","youku","优酷","mgtv","芒果","letv","乐视","pptv","PPTV","sohu","bilibili","哔哩哔哩","哔哩"]}},
{"name":"xuerenweb","type":0,"url":"https://s.2tu.uk/?url=","ext":{"flag":["xueren"]}},
{"name":"xuerenweb2","type":0,"url":"https://xrm3u8.qd234.cn/?url=","ext":{"flag":["xueren"]}},
{"name":"美剧虫","type":0,"url":"https://jx.daiguaji.com/?url=","ext":{"flag":["zijian"]}},
{"name":"miao","type":0,"url":"https://jx.58g8.com/1/?url=","ext":{"flag":["miaoparty"]}},
{"name":"万能解析","type":0,"url":"https://vip.legendwhb.cn/m3u8.php?url=","ext":{"flag":["ltnb","renrenmi","qq","腾讯","qiyi","爱奇艺","奇艺","youku","优酷","mgtv","芒果","bilibili","哔哩哔哩","哔哩"]}},
{"name":"ltnb04","type":0,"url":"https://vip.bljiex.com/?v=","ext":{"flag":["ltnb"]}},
{"name":"ltnb02","type":0,"url":"https://jx.zui.cm/?url=","ext":{"flag":["ltnb"]}},
{"name":"CL4K01","type":0,"url":"https://ys.ling00.cn/CL4K/?url=","ext":{"flag":["CL4K","qq","腾讯"]}},
{"name":"CL4K02","type":0,"url":"https://app.okmedcos.com/4k/?url=","ext":{"flag":["CL4K","qq","腾讯","pptv","PPTV"]}}
],
"flags":["youku","qq","iqiyi","qiyi","letv","sohu","tudou","pptv","mgtv","wasu","bilibili","renrenmi"],
"ijk":[
{"group":"软解码","options":[
{"category":4,"name":"opensles","value":"0"},
{"category":4,"name":"overlay-format","value":"842225234"},
{"category":4,"name":"framedrop","value":"1"},
{"category":4,"name":"soundtouch","value":"1"},
{"category":4,"name":"start-on-prepared","value":"1"},
{"category":1,"name":"http-detect-range-support","value":"0"},
{"category":1,"name":"fflags","value":"fastseek"},
{"category":2,"name":"skip_loop_filter","value":"48"},
{"category":4,"name":"reconnect","value":"1"},
{"category":4,"name":"enable-accurate-seek","value":"0"},
{"category":4,"name":"mediacodec","value":"0"},
{"category":4,"name":"mediacodec-auto-rotate","value":"0"},
{"category":4,"name":"mediacodec-handle-resolution-change","value":"0"},
{"category":4,"name":"mediacodec-hevc","value":"0"},
{"category":1,"name":"dns_cache_timeout","value":"600000000"}
]},
{"group":"硬解码","options":[
{"category":4,"name":"opensles","value":"0"},
{"category":4,"name":"overlay-format","value":"842225234"},
{"category":4,"name":"framedrop","value":"1"},
{"category":4,"name":"soundtouch","value":"1"},
{"category":4,"name":"start-on-prepared","value":"1"},
{"category":1,"name":"http-detect-range-support","value":"0"},
{"category":1,"name":"fflags","value":"fastseek"},
{"category":2,"name":"skip_loop_filter","value":"48"},
{"category":4,"name":"reconnect","value":"1"},
{"category":4,"name":"enable-accurate-seek","value":"0"},
{"category":4,"name":"mediacodec","value":"1"},
{"category":4,"name":"mediacodec-auto-rotate","value":"1"},
{"category":4,"name":"mediacodec-handle-resolution-change","value":"1"},
{"category":4,"name":"mediacodec-hevc","value":"1"},
{"category":1,"name":"dns_cache_timeout","value":"600000000"}
]}
],
"ads":["mimg.0c1q0l.cn","www.googletagmanager.com","www.google-analytics.com","mc.usihnbcq.cn","mg.g1mm3d.cn","mscs.svaeuzh.cn","cnzz.hhttm.top","tp.vinuxhome.com","cnzz.mmstat.com","www.baihuillq.com","s23.cnzz.com","z3.cnzz.com","c.cnzz.com","stj.v1vo.top","z12.cnzz.com","img.mosflower.cn","tips.gamevvip.com","ehwe.yhdtns.com","xdn.cqqc3.com","www.jixunkyy.cn","sp.chemacid.cn","hm.baidu.com","s9.cnzz.com","z6.cnzz.com","um.cavuc.com","mav.mavuz.com","wofwk.aoidf3.com","z5.cnzz.com","xc.hubeijieshikj.cn","tj.tianwenhu.com","xg.gars57.cn","k.jinxiuzhilv.com","cdn.bootcss.com","ppl.xunzhuo123.com","xomk.jiangjunmh.top","img.xunzhuo123.com","z1.cnzz.com","s13.cnzz.com","xg.huataisangao.cn","z7.cnzz.com","xg.huataisangao.cn","z2.cnzz.com","s96.cnzz.com","q11.cnzz.com","thy.dacedsfa.cn","xg.whsbpw.cn","s19.cnzz.com","z8.cnzz.com","s4.cnzz.com","f5w.as12df.top","ae01.alicdn.com","www.92424.cn","k.wudejia.com","vivovip.mmszxc.top","qiu.xixiqiu.com","cdnjs.hnfenxun.com","cms.qdwght.com"]
}
